name,price,brand,kv,i_a,v,p_w,m_kg
Turnigy D2830-11 1000kv Brushless Motor,11.26,turnigy,1000.0,21.0,15.0,210.0,0.052
MultiStar V-Spec 1808 - 2400KV Multi-Rotor Motor (CCW),16.32,multistar,2400.0,,,,0.029
PROPDRIVE v2 4248 650KV Brushless Outrunner Motor ,31.18,propdrive,650.0,70.0,19.0,1295.0,0.231
MultiStar V-Spec 1808-2400KV Racer Series (CW),10.99,multistar,2400.0,20.0,15.0,300.0,0.029
MultiStar V-Spec 1808-2400KV Racer Series (CCW),12.68,multistar,2400.0,20.0,15.0,300.0,0.029
FC 28-12 Brushless Outrunner 1534kv,7.67,,1534.0,15.5,12.0,200.0,0.039
MultiStar V-Spec 2205 - 2350KV 420w Multi-Rotor Motor (CCW),3.71,multistar,2350.0,25.0,15.0,375.0,0.03
Turnigy Aerodrive SK3 - 6374-192KV Brushless Outrunner Motor,85.85,sk3,192.0,80.0,44.0,2750.0,0.858
FC 28-22 Brushless Outrunner 1200kv,8.27,,1200.0,14.5,12.0,210.0,0.039
Turnigy D2205-2300KV 28g Brushless Motor CW,7.25,turnigy,2300.0,21.0,15.0,290.0,0.028
Turnigy Aerodrive SK3 - 5055-430KV Brushless Outrunner Motor,52.22,sk3,430.0,70.0,30.0,1750.0,0.378
PROPDRIVE v2 2836 3000KV Brushless Outrunner Motor,18.33,propdrive,3000.0,55.0,14.8,755.0,0.085
PROPDRIVE v2 3548 900KV Brushless Outrunner Motor,26.04,propdrive,900.0,55.0,17.0,815.0,0.178
Turnigy Air Brushless Motor 3730-1000kv (3s-4s 580w),15.33,turnigy,1000.0,42.0,15.0,580.0,0.112
Turnigy Aerodrive SK3 - 4240-740KV Brushless Outrunner Motor,36.14,sk3,740.0,50.0,19.0,870.0,0.195
Turnigy Aerodrive SK3 - 4250-500KV Brushless Outrunner Motor,39.26,sk3,500.0,57.0,19.0,1350.0,0.269
Turnigy Aerodrive SK3 - 5055-280KV Brushless Outrunner Motor,52.65,sk3,280.0,60.0,37.0,1510.0,0.369
Turnigy Aerodrive SK3 - 6374-149KV Brushless Outrunner Motor,85.81,sk3,149.0,70.0,44.0,2250.0,0.84
Turnigy TrackStar 13.5T Sensored Brushless Motor 3040KV (ROAR approved),35.00,trackstar,3040.0,36.0,8.0,255.0,0.178
Turnigy L3010B-1300 Brushless Motor (420w),17.29,turnigy,1300.0,40.1,11.0,420.0,0.088
Turnigy L2210A-1650 Brushless Motor (180w),11.73,turnigy,1650.0,17.5,11.0,180.0,0.049
Turnigy Aerodrive SK3 - 2836-1040kv Brushless Outrunner Motor,24.88,sk3,1040.0,28.0,11.0,335.0,0.08
Turnigy G46 Brushless Outrunner 670kv (.46 Glow),56.63,turnigy,670.0,40.0,19.0,741.0,0.303
Turnigy Aerodrive SK3 - 3548-840kv Brushless Outrunner Motor,39.68,sk3,840.0,50.0,15.0,750.0,0.174
Turnigy Aerodrive SK3 - 3536-1050kv Brushless Outrunner Motor  ,30.02,sk3,1050.0,34.0,16.0,505.0,0.11
Turnigy Multistar 2213-980Kv 14Pole Multi-Rotor Outrunner,29.55,multistar,980.0,15.0,11.0,165.0,0.058
hexTronik DT750 Brushless Outrunner 750kv ,13.91,hextronik,750.0,17.0,13.0,300.0,0.078
PROPDRIVE v2 2836 1000KV Brushless Outrunner Motor,17.23,propdrive,1000.0,30.0,14.8,400.0,0.081
Turnigy 2830 900KV L2215J-900 Brushless Motor (200W),13.72,turnigy,900.0,18.0,11.0,200.0,0.061
Turnigy D2836/11 750KV Brushless Outrunner Motor,14.86,turnigy,750.0,20.0,11.0,220.0,0.071
AX 1806N 2100kv Brushless Micro Motor (19g),8.07,,2100.0,7.0,11.0,80.0,0.019
PROPDRIVE v2 2836 2700KV Brushless Outrunner Motor,20.15,propdrive,2700.0,50.0,14.8,595.0,0.082
TrackStar ROAR approved 1/10th Stock Class Brushless ESC and Motor Combo (13.5T),69.12,trackstar,3040.0,36.0,8.0,255.0,0.178
PROPDRIVE v2 5050 580KV Brushless Outrunner Motor,42.85,propdrive,580.0,90.0,22.2,2000.0,0.331
PROPDRIVE v2 5060 380KV Brushless Outrunner Motor,47.79,propdrive,380.0,90.0,36.0,2665.0,0.438
Turnigy D2830-11 1000kv Brushless Motor,11.26,turnigy,1000.0,21.0,15.0,210.0,0.052
MultiStar V-Spec 1808 - 2400KV Multi-Rotor Motor (CCW),16.32,multistar,2400.0,,,,0.029
PROPDRIVE v2 4248 650KV Brushless Outrunner Motor ,31.18,propdrive,650.0,70.0,19.0,1295.0,0.231
MultiStar V-Spec 1808-2400KV Racer Series (CW),10.99,multistar,2400.0,20.0,15.0,300.0,0.029
MultiStar V-Spec 1808-2400KV Racer Series (CCW),12.68,multistar,2400.0,20.0,15.0,300.0,0.029
FC 28-12 Brushless Outrunner 1534kv,7.67,,1534.0,15.5,12.0,200.0,0.039
MultiStar V-Spec 2205 - 2350KV 420w Multi-Rotor Motor (CCW),23.99,multistar,2350.0,25.0,15.0,375.0,0.03
Turnigy Aerodrive SK3 - 6374-192KV Brushless Outrunner Motor,85.85,sk3,192.0,80.0,44.0,2750.0,0.858
FC 28-22 Brushless Outrunner 1200kv,8.27,,1200.0,14.5,12.0,210.0,0.039
Turnigy D2205-2300KV 28g Brushless Motor CW,7.25,turnigy,2300.0,21.0,15.0,290.0,0.028
Turnigy Aerodrive SK3 - 5055-430KV Brushless Outrunner Motor,52.22,sk3,430.0,70.0,30.0,1750.0,0.378
PROPDRIVE v2 2836 3000KV Brushless Outrunner Motor,18.33,propdrive,3000.0,55.0,14.8,755.0,0.085
PROPDRIVE v2 3548 900KV Brushless Outrunner Motor,26.04,propdrive,900.0,55.0,17.0,815.0,0.178
Turnigy Air Brushless Motor 3730-1000kv (3s-4s 580w),15.33,turnigy,1000.0,42.0,15.0,580.0,0.112
Turnigy Aerodrive SK3 - 4240-740KV Brushless Outrunner Motor,36.14,sk3,740.0,50.0,19.0,870.0,0.195
Turnigy Aerodrive SK3 - 4250-500KV Brushless Outrunner Motor,39.26,sk3,500.0,57.0,19.0,1350.0,0.269
Turnigy Aerodrive SK3 - 5055-280KV Brushless Outrunner Motor,52.65,sk3,280.0,60.0,37.0,1510.0,0.369
Turnigy Aerodrive SK3 - 6374-149KV Brushless Outrunner Motor,85.81,sk3,149.0,70.0,44.0,2250.0,0.84
Turnigy TrackStar 13.5T Sensored Brushless Motor 3040KV (ROAR approved),35.00,trackstar,3040.0,36.0,8.0,255.0,0.178
Turnigy L3010B-1300 Brushless Motor (420w),17.29,turnigy,1300.0,40.1,11.0,420.0,0.088
Turnigy L2210A-1650 Brushless Motor (180w),11.73,turnigy,1650.0,17.5,11.0,180.0,0.049
Turnigy Aerodrive SK3 - 2836-1040kv Brushless Outrunner Motor,24.88,sk3,1040.0,28.0,11.0,335.0,0.08
Turnigy G46 Brushless Outrunner 670kv (.46 Glow),56.63,turnigy,670.0,40.0,19.0,741.0,0.303
Turnigy Aerodrive SK3 - 3548-840kv Brushless Outrunner Motor,39.68,sk3,840.0,50.0,15.0,750.0,0.174
Turnigy Aerodrive SK3 - 3536-1050kv Brushless Outrunner Motor  ,30.02,sk3,1050.0,34.0,16.0,505.0,0.11
Turnigy Multistar 2213-980Kv 14Pole Multi-Rotor Outrunner,10.22,multistar,980.0,15.0,11.0,165.0,0.058
hexTronik DT750 Brushless Outrunner 750kv ,13.91,hextronik,750.0,17.0,13.0,300.0,0.078
PROPDRIVE v2 2836 1000KV Brushless Outrunner Motor,17.23,propdrive,1000.0,30.0,14.8,400.0,0.081
Turnigy 2830 900KV L2215J-900 Brushless Motor (200W),13.72,turnigy,900.0,18.0,11.0,200.0,0.061
Turnigy D2836/11 750KV Brushless Outrunner Motor,14.86,turnigy,750.0,20.0,11.0,220.0,0.071
AX 1806N 2100kv Brushless Micro Motor (19g),8.07,,2100.0,7.0,11.0,80.0,0.019
PROPDRIVE v2 2836 2700KV Brushless Outrunner Motor,20.15,propdrive,2700.0,50.0,14.8,595.0,0.082
TrackStar ROAR approved 1/10th Stock Class Brushless ESC and Motor Combo (13.5T),69.12,trackstar,3040.0,36.0,8.0,255.0,0.178
PROPDRIVE v2 5050 580KV Brushless Outrunner Motor,42.85,propdrive,580.0,90.0,22.2,2000.0,0.331
PROPDRIVE v2 5060 380KV Brushless Outrunner Motor,47.79,propdrive,380.0,90.0,36.0,2665.0,0.438
Turnigy Aerodrive SK3 - 6354-260KV Brushless Outrunner Motor,64.65,sk3,260.0,70.0,37.0,2360.0,0.489
PROPDRIVE v2 2836 2200KV Brushless Outrunner Motor,18.34,propdrive,2200.0,50.0,14.8,696.0,0.083
Turnigy Aerodrive SK3 - 3542-1000kv Brushless Outrunner Motor,35.26,sk3,1000.0,45.0,15.0,670.0,0.141
PROPDRIVE v2 2830 1200KV Brushless Outrunner Motor,17.23,propdrive,1200.0,28.0,17.0,400.0,0.069
Turnigy Aerodrive SK3 - 5045-500KV Brushless Outrunner Motor,47.18,sk3,500.0,60.0,26.0,1350.0,0.28
Turnigy Aerodrive SK3 - 6364-245KV Brushless Outrunner Motor,72.68,sk3,245.0,70.0,37.0,2700.0,0.718
Turnigy 2217 16turn 1050kv 23A Outrunner,17.10,turnigy,1050.0,20.0,11.0,0.0,0.073
PROPDRIVE v2 3536 910KV Brushless Outrunner Motor,22.61,propdrive,910.0,38.0,17.0,350.0,0.088
PROPDRIVE v2 3536 1800KV Brushless Outrunner Motor,22.61,propdrive,1800.0,70.0,17.0,875.0,0.126
Turnigy L2210C-1200 Brushless Motor (150w),13.16,turnigy,1200.0,15.8,11.0,150.0,0.048
PROPDRIVE v2 2830 1000KV Brushless Outrunner Motor,12.73,propdrive,1000.0,25.0,17.0,370.0,0.069
Durafly® ™ EFXtra - 3536-1780KV Replacement Aerostar Motor w/Mount and Propeller Shaft,23.66,durafly,1780.0,,,,
Turnigy D2206-2300KV 31g Brushless Motor CCW,8.45,turnigy,2300.0,,,,0.031
Turnigy Aerodrive SK3 - 3542-1250kv Brushless Outrunner Motor,34.99,sk3,1250.0,54.0,15.0,755.0,0.141
Turnigy AquaStar 2842-2800KV Water Cooled Brushless Outrunner Motor,22.57,aquastar,2800.0,40.0,15.0,600.0,0.138
PROPDRIVE v2 4258 500KV Brushless Outrunner Motor,44.13,propdrive,500.0,60.0,25.9,1300.0,0.3
PROPDRIVE v2 5060 270KV Brushless Outrunner Motor,56.65,propdrive,270.0,90.0,29.6,2400.0,0.438
Turnigy 2226-3000 70mm EDF Outrunner ,12.09,turnigy,3000.0,40.0,15.0,600.0,0.098
Turnigy D2205-2600KV 28g Brushless Motor CCW,7.05,turnigy,2600.0,,,,0.028
Turnigy TrackStar Waterproof 1/10 Brushless Power System 5200KV/80A,66.66,trackstar,5200.0,68.0,8.0,450.0,0.088
Turnigy RotoMax 150cc Size Brushless Outrunner Motor,396.11,rotomax,150.0,190.0,52.0,9800.0,2.53
Turnigy TrackStar 21.5T Sensored Brushless Motor 1855KV (ROAR approved),34.77,trackstar,1855.0,22.0,8.0,150.0,0.177
PROPDRIVE v2 3536 1400KV Brushless Outrunner Motor,22.61,propdrive,1400.0,45.0,17.0,550.0,0.121
Turnigy D2826-2000KV 330W Brushless Outrunner Motor,10.22,turnigy,2000.0,25.0,15.0,330.0,0.051
Turnigy Aerodrive SK3 - 2836-1500 Brushless Outrunner Motor,25.09,sk3,1500.0,31.0,11.0,370.0,0.08
PROPDRIVE v2 3542 1000KV Brushless Outrunner Motor,24.33,propdrive,1000.0,47.0,17.0,700.0,0.155
Turnigy TrackStar Waterproof 1/10 Brushless Power System 4000KV/80A,67.71,trackstar,4000.0,55.0,8.0,370.0,0.088
PROPDRIVE v2 3530 1400KV Brushless Outrunner Motor,20.94,propdrive,1400.0,37.0,17.0,560.0,0.09
Turnigy L5055B-600 Brushless Outrunner 600kv,39.91,turnigy,600.0,55.0,30.0,1500.0,0.296
PROPDRIVE v2 2836 1200KV Brushless Outrunner Motor,17.23,propdrive,1200.0,48.0,14.8,530.0,0.082
PROPDRIVE v2 2836 1400KV Brushless Outrunner Motor,17.23,propdrive,1400.0,45.0,14.8,560.0,0.082
Turnigy Aerodrive SK3 - 3548- 1050kv Brushless Outrunner Motor,38.96,sk3,1050.0,50.0,15.0,820.0,0.176
Turnigy XK3674-2200KV 1750w Brushless Inrunner,40.24,turnigyxk,2200.0,70.0,25.0,1750.0,0.31
PROPDRIVE v2 4238 750KV Brushless Outrunner Motor,30.68,propdrive,750.0,56.0,17.0,785.0,0.156
Multistar Elite 3508-268KV High Voltage Endurance Motor,17.27,multistar,268.0,12.0,35.0,330.0,0.096
Turnigy AquaStar 3660-1700KV Water Cooled Brushless Motor,40.91,aquastar,1700.0,84.0,22.0,1800.0,0.27
Turnigy Aerodrive SK3 - 5045-660KV Brushless Outrunner Motor,39.54,sk3,660.0,60.0,19.0,1410.0,0.28
Turnigy Aerodrive SK3 - 3536-1200kv Brushless Outrunner Motor,30.02,sk3,1200.0,38.0,15.0,560.0,0.111
Turnigy L2210-1400 Bell Style Motor (210w),10.28,turnigy,1400.0,24.0,11.0,210.0,0.05
PROPDRIVE v2 3542 1250KV Brushless Outrunner Motor,23.41,propdrive,1250.0,56.0,17.0,600.0,0.156
Turnigy D2206-2600KV 31g Brushless Motor CCW,8.45,turnigy,2600.0,22.0,15.0,300.0,0.031
PROPDRIVE v2 2826 1000KV Brushless Outrunner Motor,14.74,propdrive,1000.0,15.0,17.0,235.0,0.06
Turnigy Aerodrive SK3 - 6364-190KV Brushless Outrunner Motor,75.90,sk3,190.0,65.0,37.0,2450.0,0.697
Turnigy XK2845-3650KV Brushless Inrunner,24.10,turnigyxk,3650.0,45.0,18.0,810.0,0.125
Turnigy D2206-2600KV 31g Brushless Motor CW,8.45,turnigy,2600.0,,,,0.031
MultiStar V-Spec 1304-3100KV Multi-Rotor Motor (CCW),9.34,multistar,3100.0,8.0,7.0,20.0,0.01
MultiStar Viking 2206-2600kv Brushless Outrunner Drone Racing Motor (CCW),18.96,multistar,2600.0,30.0,15.0,450.0,0.029
Turnigy Aerodrive SK3 - 3542-800kv Brushless Outrunner Motor,36.23,sk3,800.0,42.0,19.0,625.0,0.142
NTM Prop Drive 3536A Series Replacement Shaft,22.01,ntm,,,,,
Turnigy TrackStar Waterproof 1/10 Brushless Power System 3520KV/80A,71.70,trackstar,3520.0,60.0,8.0,660.0,0.088
Dr. Mad Thrust 40mm 8-Blade Alloy EDF 8000kv Motor - 330 Watt (3S),27.12,drmadthrust,8000.0,26.0,11.0,330.0,0.063
Turnigy Park480 Brushless Outrunner 850kv,21.58,turnigy,850.0,28.0,11.0,275.0,0.08
TrackStar ROAR approved 1/10th Stock Class Brushless ESC and Motor Combo (21.5T),76.49,trackstar,1855.0,22.0,8.0,150.0,0.177
Turnigy XK2845-1980KV Brushless Inrunner,24.10,turnigyxk,1980.0,24.0,33.0,792.0,0.125
Turnigy Aerodrive SK3 - 3536-1400kv Brushless Outrunner Motor ,30.02,sk3,1400.0,40.0,16.0,590.0,0.11
Turnigy XK-3650 5400KV Brushless Inrunner,24.92,turnigyxk,5400.0,135.0,15.0,1700.0,0.2
Turnigy Aerodrive SK3 - 4250-350KV Brushless Outrunner Motor,38.62,sk3,350.0,53.0,19.0,1190.0,0.266
Turnigy Aerodrive SK3 - 4240-620KV Brushless Outrunner Motor,35.83,sk3,620.0,48.0,19.0,830.0,0.194
TrackStar ROAR approved 1/10th Stock Class Brushless ESC and Motor Combo (17.5T),74.86,trackstar,2270.0,28.0,8.0,190.0,0.178
Turnigy Aerodrive SK3 - 2830-1130kv Brushless Outrunner Motor,20.37,sk3,1130.0,20.0,11.0,187.0,0.058
PROPDRIVE v2 2836 1800KV Brushless Outrunner Motor ,19.50,propdrive,1800.0,30.0,17.0,438.0,0.082
Durafly® ™ Tundra - 3636-900KV Replacement Motor w/Mount and Propeller Shaft,29.63,durafly,900.0,,,,
hexTronik DT700 Brushless Outrunner 700kv,3.41,hextronik,700.0,13.0,13.0,270.0,0.078
9235-100KV Turnigy Multistar Brushless Multi-Rotor Motor,105.50,multistar,100.0,57.0,45.0,2800.0,0.674
2040SL 4800kv Brushless Inrunner (WaterCooled),23.50,,4800.0,0.0,11.0,0.0,0.077
Turnigy AX-2203C 1400KV/60W Brushless Outrunner Motor,10.47,turnigy,1400.0,7.0,7.0,60.0,0.02
Turnigy L2210-1650 Bell Style Motor (250w),10.43,turnigy,1650.0,22.0,11.0,250.0,0.05
Turnigy TrackStar 7.5T Sensored Brushless Motor 5135KV (ROAR approved),34.86,trackstar,5135.0,56.0,8.0,410.0,0.174
Turnigy 600 Series 1220KV Brushless Outrunner Helicopter Motor,36.15,turnigy,1220.0,95.0,25.0,2100.0,0.38
Turnigy Aerodrive SK3 - 2836-2500kv Brushless Outrunner Motor,25.11,sk3,2500.0,35.0,11.0,405.0,0.08
Brushless Inrunner Motor 2435 4800KV (1:18th - 1:14th),20.39,,4800.0,24.0,7.4,300.0,0.059
1712- 2290Kv 9.2g 3.5A 160g Thrust Outrunner,10.49,,2290.0,3.4,11.0,0.0,0.009
Turnigy RotoMax 50cc Size Brushless Outrunner Motor,198.17,rotomax,172.0,120.0,44.0,5300.0,1.08
Turnigy Aerodrive SK3 - 3542-1185kv Brushless Outrunner Motor,36.14,sk3,1185.0,49.0,15.0,730.0,0.141
Turnigy AquaStar T20 3T 730KV/1280KV Water Cooled Brushless Motor,103.85,aquastar,1280.0,128.0,41.0,5280.0,0.971
PROPDRIVE v2 3548 1100KV Brushless Outrunner Motor,29.40,propdrive,1100.0,70.0,14.8,640.0,0.185
Turnigy Aerodrive SK3 - 3548-700kv Brushless Outrunner Motor,39.98,sk3,700.0,45.0,19.0,665.0,0.177
PROPDRIVE V2 2826 1100kv Brushless Outrunner Motor,14.74,propdrive,1100.0,20.0,17.0,252.0,0.06
KEDA 56-63 195KV Brushless Outrunner 6S 1500W,33.21,keda,195.0,80.0,22.0,1500.0,0.5
PROPDRIVE v2 2830 800KV Brushless Outrunner Motor,18.29,propdrive,800.0,20.0,17.0,270.0,0.065
Turnigy Aerodrive SK3 - 3530-1150kv Brushless Outrunner Motor,26.31,sk3,1150.0,24.0,15.0,330.0,0.076
Turnigy TrackStar 1/8th Sensored Brushless Motor 2100KV,59.39,trackstar,2100.0,140.0,15.0,2100.0,0.329
Turnigy SK3 Fandrive - 3659-1900kv (90mm EDF) ,53.68,sk3,1900.0,80.0,8.0,1770.0,0.249
Turnigy TrackStar Waterproof 1/10 Brushless Power System 3000KV/80A,66.61,trackstar,3000.0,46.0,8.0,260.0,0.088
3508-580KV Turnigy Multistar 14 Pole Brushless Multi-Rotor Motor With Extra Long Leads,33.79,multistar,580.0,26.0,25.0,340.0,0.102
Turnigy TrackStar 1/8th Sensored Brushless Motor 1900KV,63.51,trackstar,1900.0,120.0,15.0,1800.0,0.329
Turnigy XK-4074 2000KV Brushless Inrunner,48.31,turnigyxk,2000.0,120.0,25.0,3000.0,0.38
Watercooled Brushless Inrunner 3660SL 3180kv,49.18,,3180.0,94.0,18.0,1690.0,0.28
Turnigy D5035-125KV Sensored Brushless Motor,97.88,turnigy,125.0,45.0,45.0,2000.0,0.745
Turnigy 3648 1450KV Brushless Motor ,30.75,turnigy,1450.0,50.0,22.0,1600.0,0.181
Brushless Inrunner Motor 3660 2600KV (1:10th - 540),18.88,,2600.0,3.0,19.0,1200.0,0.195
Turnigy Multistar 4225-610Kv 16Pole Multi-Rotor Outrunner,31.81,multistar,610.0,22.0,15.0,330.0,0.086
Turnigy 2836 Brushless 450-Size Heli Motor 3700kv,22.24,turnigy,3700.0,30.0,15.0,700.0,0.07
Turnigy XK-3665 3190KV Brushless Inrunner,35.04,turnigyxk,3190.0,90.0,17.0,1980.0,0.275
Turnigy Aerodrive SK3 - 6364-213KV Brushless Outrunner Motor,75.80,sk3,213.0,65.0,37.0,2550.0,0.706
Turnigy Aerodrive SK3 - 4250-410KV Brushless Outrunner Motor,38.62,sk3,410.0,55.0,19.0,1310.0,0.26
Turnigy D2205-2600KV 28g Brushless Motor CW,7.30,turnigy,2600.0,20.0,15.0,280.0,0.028
Turnigy XK3674-1650KV  2400W Inrunner,34.99,turnigyxk,1650.0,53.5,34.0,1819.0,0.31
Turnigy SK8 6374-192KV Sensored Brushless Motor (14P),97.45,sk8,192.0,100.0,45.0,4400.0,0.94
2848SL 3900kv Brushless Inrunner (WaterCooled),39.59,,3900.0,35.0,12.0,220.0,0.153
Turnigy Aerodrive SK3 - 5045-450KV Brushless Outrunner Motor,47.21,sk3,450.0,58.0,26.0,1260.0,0.275
PROPDRIVE v2 2836 2300KV Brushless Outrunner Motor (Short Shaft Version),24.50,propdrive,2300.0,45.0,17.0,630.0,0.079
Multistar V-Spec 1104-3600KV Multi-Rotor Motor (CCW),8.39,multistar,3600.0,8.0,7.0,16.0,0.008
Turnigy TrackStar 1/8th Sensored Brushless Motor 2400KV,62.77,trackstar,2400.0,160.0,15.0,2300.0,0.329
Turnigy XK1222-11000KV Brushless Inrunner,10.94,turnigyxk,11000.0,7.0,7.0,52.0,0.01
Turnigy Aerodrive SK3 2118-3100KV Brushless Outrunner Motor ,15.26,sk3,3100.0,5.0,12.0,39.0,0.016
Turnigy Aerodrive SK3 - 5055-320KV Brushless Outrunner Motor,52.71,sk3,320.0,65.0,37.0,1630.0,0.376
Turnigy AquaStar 4084-620KV Water Cooled Brushless Motor,74.14,aquastar,620.0,105.0,37.0,3050.0,0.508
Turnigy Aerodrive SK3 - 6374-168KV Brushless Outrunner Motor,84.95,sk3,168.0,70.0,44.0,2400.0,0.84
Turnigy Aerodrive SK3 - 2826-1240kv Brushless Outrunner Motor,18.73,sk3,1240.0,16.0,11.0,150.0,0.045
Turnigy LD2840A-1800kv Brushless Motor (400w),14.22,turnigy,1800.0,30.0,15.0,400.0,0.079
Turnigy XK2040-4500KV Brushless Inrunner,17.31,turnigyxk,4500.0,20.0,8.0,168.0,0.064
Turnigy Aerodrive SK3 - 5065-236KV Brushless Outrunner Motor,61.68,sk3,236.0,60.0,37.0,1850.0,0.53
Multistar V-Spec 1104-3600KV Multi-Rotor Motor (CW),6.87,multistar,3600.0,8.0,7.0,16.0,0.008
Turnigy AX-2204C 1450KV/70W Brushless Outrunner Motor,15.13,turnigy,1450.0,8.0,7.0,70.0,0.02
Alloy Motor Heatsink w/Fan Mount for 36 Size Motor,1.47,,,,,,
Turnigy Aerodrive SK3 - 2822-1740kv Brushless Outrunner Motor,17.98,sk3,1740.0,10.0,11.0,115.0,0.032
Turnigy 3632 Brushless Motor 1200kv,24.81,turnigy,1200.0,40.0,13.0,340.0,0.099
Turnigy CA80 160kv Brushless Outrunner (50~80cc Eq),167.60,turnigy,160.0,0.0,50.0,0.0,1.545
Turnigy 1/8th Scale 4 Pole Brushless Motor - 2100KV,44.43,turnigy,2100.0,80.0,18.0,2590.0,0.308
Turnigy L2855-2800 EDF Outrunner (730w),14.59,turnigy,2800.0,43.0,15.0,730.0,0.097
EMAX RS2205-S 2600KV Motor for FPV Racing CW Shaft Rotation,16.43,emax,2300.0,,15.0,,
Turnigy TrackStar Waterproof 1/8 Brushless Power System 2100KV/120A,104.95,trackstar,2100.0,140.0,16.0,1680.0,0.141
NTM Prop Drive 4248 Series Replacement Shaft,0.67,ntm,,,,,
Turnigy Aerodrive SK3 - 5065-320kv Brushless Outrunner Motor,60.31,sk3,320.0,70.0,37.0,2220.0,0.531
Turnigy AquaStar 4084-1050KV Water Cooled Brushless Motor,74.14,aquastar,1050.0,160.0,23.0,3100.0,0.49
Dr. Mad Thrust Series Motor B2970 - 2600kv for 70mm EDF / 6S,39.68,drmadthrust,2600.0,80.0,22.0,1700.0,0.196
Turnigy Multistar 4225-390Kv 16Pole Multi-Rotor Outrunner,31.81,multistar,390.0,15.0,22.0,330.0,0.086
Turnigy2836 brushless Outrunner 2350kv,22.28,turnigy,2350.0,0.0,12.0,480.0,0.079
Turnigy AquaStar 3520-1700KV Water Cooled Brushless Outrunner Motor,25.89,aquastar,1700.0,50.0,15.0,750.0,0.188
Turnigy Aerodrive SK3 2822-1275 Brushless Outrunner with Short Shaft,10.06,sk3,1275.0,8.0,13.0,95.0,0.031
Turnigy Aerodrive SK3 - 4240-530KV Brushless Outrunner Motor,36.38,sk3,530.0,46.0,19.0,795.0,0.194
Turnigy RotoMax 1.60 Brushless Outrunner Motor,140.13,rotomax,231.0,80.0,37.0,2960.0,0.849
Turnigy Aerodrive SK3 - 2826-980kv Brushless Outrunner Motor,19.30,sk3,980.0,10.0,11.0,96.0,0.044
Turnigy SK3 90mm (6S-8S 3000w) Fandrive Brushless EDF Motor - 3968-1500KV,46.21,sk3,1500.0,110.0,30.0,3000.0,0.363
Turnigy Aerodrive SK3 - 2830-1020kv Brushless Outrunner Motor,20.37,sk3,1020.0,18.0,11.0,168.0,0.058
Turnigy Aerodrive SK3 3548-840kv Brushless Outrunner Motor ,44.06,sk3,840.0,50.0,16.0,750.0,0.167
CF 28-05 Brushless Outrunner 1600Kv,7.48,,1600.0,0.0,8.0,0.0,0.026
Turnigy Aerodrive SK3 3542-1000kv Brushless Outrunner Motor ,39.98,sk3,1000.0,50.0,16.0,616.0,0.134
Turnigy XK2435-4900KV Brushless Inrunner,18.45,turnigyxk,4900.0,18.0,12.0,216.0,0.055
Turnigy SK8 6374-149KV Sensored Brushless Motor (14P),97.63,sk8,149.0,80.0,45.0,3500.0,0.937
Turnigy TrackStar 9.5T Sensored Brushless Motor 4120KV (ROAR approved),34.86,trackstar,4120.0,47.0,8.0,350.0,0.171
Dr. Mad Thrust 70mm 11-Blade Alloy EDF 3900kv Motor - 1300watt (4S) Counter rotating,62.86,drmadthrust,3900.0,76.0,22.0,1300.0,0.19
Turnigy 2632 Brushless Motor 1000kv,18.48,turnigy,1000.0,13.0,11.0,0.0,0.051
Turnigy 2627 Brushless Outrunner 3800kv,15.74,turnigy,3800.0,20.0,13.0,260.0,0.038
Gemfan M2306L 2200kv Brushless Outrunner Motor (CCW),1.28,gemfan,2200.0,7.0,16.0,490.0,0.03
Brushless Inrunner Motor 2838 3600KV (1:18th 1:14th),13.07,,3600.0,43.0,11.1,600.0,0.095
C2230 Micro brushless Outrunner 1780kv (27g),13.84,,1780.0,15.0,14.0,98.0,0.027
Turnigy TrackStar Waterproof 1/8 Brushless Power System 2300KV/120A,102.05,trackstar,2300.0,140.0,16.0,1680.0,0.141
Turnigy Aerodrive SK3 3536-1050kv Brushless Outrunner Motor,34.46,sk3,1050.0,,16.0,,0.105
Turnigy Aerodrive SK3 3530-1150kv Brushless Outrunner Motor ,30.31,sk3,1150.0,33.0,12.0,339.0,0.071
ZTW Spider PRO Premium SP2206-2300KV Brushless Motor,14.40,,2300.0,20.0,17.0,200.0,0.033
Turnigy P2627L EDF Outrunner 4200kv for 55/64mm,10.25,turnigy,4200.0,22.7,13.0,330.0,0.053
Gemfan M1306L 3100kv Brushless Outrunner Motor (CCW),12.45,gemfan,,,,,0.01
Turnigy Aerodrive SK3 2830-1020kv Brushless Outrunner Motor ,21.24,sk3,1020.0,18.0,12.0,169.0,0.055
Turnigy Aerodrive SK3 2836-1500kv Brushless Outrunner Motor ,29.64,sk3,1500.0,35.0,12.0,405.0,0.076
Turnigy CA120 150kv Brushless Outrunner (100cc equiv),3.41,turnigy,150.0,0.0,70.0,0.0,2.73
RotorStar Brushless Outrunner Helicopter - 2820-930KV (Compatible with GOBLIN 380) ,32.08,rotorstar,930.0,45.0,15.0,675.0,0.142
Turnigy G10 Brushless Outrunner 1100kv,2.89,turnigy,1100.0,32.0,11.0,355.0,0.149
Turnigy Aerodrive SK3 - 2830-920kv Brushless Outrunner Motor,20.58,sk3,920.0,16.0,11.0,150.0,0.057
Dr. Mad Thrust Series Motor B3682 - 1700kv for 90mm EDF / 6S,57.31,drmadthrust,1700.0,105.0,22.0,2600.0,0.37
Turnigy Aerodrive SK3 2830-920kv Brushless Outrunner Motor ,21.24,sk3,920.0,16.0,12.0,150.0,0.055
Turnigy AquaStar 3974-2200KV Water Cooled Brushless Motor,62.05,aquastar,2200.0,100.0,19.0,1200.0,0.415
Durafly™ Excalibur - Aerostar 3542-800KV Brushless Outrunner Motor ,27.17,aerostar,800.0,58.0,16.0,830.0,0.174
9225-160KV Turnigy Multistar Brushless Multi-Rotor Motor,105.50,multistar,160.0,48.0,35.0,1200.0,0.329
NTM Prop Drive 4238 Series Replacement Shaft,1.16,ntm,,,,,
Assault 500 Series 1600KV Brushless Outrunner Helicopter Motor,24.71,assault,1600.0,80.0,25.0,1700.0,0.23
Turnigy T600 Brushless Outrunner for 600 Heli (880kv),67.54,turnigy,880.0,90.0,30.0,33.6,0.363
Turnigy AquaStar 3660-1460KV Water Cooled Brushless Motor,42.15,aquastar,1460.0,72.0,26.0,1800.0,0.27
Durafly™ Spitfire Mk1a/Mk5/Bf.109e 3736-770kv Motor with Prop Adaptor and Mount,21.55,durafly,770.0,,,,0.151
Turnigy Multistar 4220-880Kv 16Pole Multi-Rotor Outrunner,24.35,multistar,880.0,22.0,11.0,250.0,0.065
Turnigy Aerodrive SK3 2822-1740kv Brushless Outrunner Motor,19.34,sk3,1740.0,10.0,12.0,115.0,0.03
TrackStar 1/8th 2025KV Brushless sensorless motor ,42.10,trackstar,2025.0,140.0,16.0,2100.0,0.33
Brushless Inrunner Motor 2845 3100KV (1:18th 1:14th),14.26,,3100.0,47.0,11.1,800.0,0.125
Turnigy Aerodrive SK3 - 5065-275KV Brushless Outrunner Motor,66.84,sk3,275.0,65.0,37.0,2050.0,0.531
Assault 450 Series 3800KV Brushless Outrunner Helicopter Motor,14.84,assault,3800.0,35.0,15.0,365.0,0.08
Turnigy D2630-1100KV 260W Brushless Outrunner Motor,12.30,turnigy,1100.0,15.0,15.0,260.0,0.055
TrackStar 380 Sensorless Brushless Motor 3200KV,26.51,trackstar,3200.0,20.0,12.0,154.0,0.086
AX 2308N 1100kv brushless Micro Motor,7.66,,1100.0,10.0,11.0,100.0,0.044
Durafly™ D.H.100 Vampire V2 RCAF - Replacement 70mm EDF and Motor,31.42,durafly,3300.0,,,,0.095
Avios BushMule -  AeroStar 3536-850KV Brushless Motor w/X Mount (1xMotor),25.84,avios,850.0,35.0,,400.0,0.107
Turnigy Aerodrive SK3 3548-1050kv Brushless Outrunner Motor ,37.44,sk3,1050.0,50.0,16.0,820.0,0.167
Turnigy Aerodrive SK3 - 3530-1340kv Brushless Outrunner Motor,26.57,sk3,1340.0,28.0,11.0,375.0,0.076
Turnigy L3537-840 Brushless Motor (380w),1.12,turnigy,840.0,30.0,15.0,380.0,0.117
Brushless Inrunner Motor 3674 2250KV (1:10th - 540),28.17,,2250.0,4.0,4.0,1800.0,0.305
Turnigy Aerodrive SK3 - 2826-1130kv Brushless Outrunner Motor,18.97,sk3,1130.0,13.0,11.0,125.0,0.044
Dr Mad Thrust 3300kv 1100w  64mm EDF Inrunner Motor 4s version (29mm),35.79,drmadthrust,3300.0,70.0,15.0,1100.0,0.138
Turnigy LD2816A Brushless Outrunner 1350kv,10.87,turnigy,1350.0,10.0,11.0,120.0,0.026
Durafly Me-163 950mm - Replacement 2200kv Motor,20.24,durafly,2200.0,,,,
Turnigy Multistar 4220-650Kv 16Pole Multi-Rotor Outrunner,24.71,multistar,650.0,17.0,15.0,240.0,0.065
Turnigy L3020B-600 Brushless Motor (800w),22.21,turnigy,600.0,54.0,15.0,800.0,0.146
Turnigy Aerodrive SK3 - 3530-1460kv Brushless Outrunner Motor,26.57,sk3,1460.0,33.0,11.0,430.0,0.075
Turnigy TrackStar SCT 5T Sensored Brushless Motor 4150KV (550 size),50.66,trackstar,4150.0,120.0,11.0,860.0,0.236
TrackStar 380 Sensorless Brushless Motor 4400KV,26.51,trackstar,4400.0,28.0,12.0,216.0,0.086
Turnigy Aerodrive SK3 2826-980kv Brushless Outrunner Motor ,19.34,sk3,980.0,10.0,12.0,96.0,0.043
Turnigy XK2858-2900KV Brushless Inrunner,25.51,turnigyxk,2900.0,58.0,23.0,1334.0,0.16
Turnigy 2815 EDF Outrunner 4000kv for 55/64mm,13.69,turnigy,4000.0,2.61,12.0,26.1,0.073
Turnigy 2632 Brushless Motor 3400kv,4.26,turnigy,3400.0,27.0,13.0,350.0,0.051
Turnigy RotoMax 100cc Size Brushless Outrunner Motor 167kv,340.52,rotomax,167.0,170.0,44.0,7992.0,2.074
Turnigy 3632 1500kv Brushless Motor,22.47,turnigy,1500.0,40.0,13.0,350.0,0.097
Turnigy Aerodrive SK3 3536-1400kv Brushless Outrunner Motor ,33.32,sk3,1400.0,40.0,16.0,590.0,0.105
Turnigy Aerodrive SK3 3542-800kv Brushless Outrunner Motor ,40.06,sk3,800.0,49.0,16.0,493.0,0.134
Turnigy TrackStar 1/14 Scale Sensored Brushless Motor 4620KV,32.04,trackstar,4620.0,15.0,8.0,110.0,0.07
Turnigy XK3674-1900KV Brushless Inrunner,43.05,turnigyxk,1900.0,61.0,29.0,1769.0,0.31
Turnigy TrackStar Waterproof 1/8 Brushless Power System 1900KV/120A,104.25,trackstar,1900.0,120.0,16.0,1470.0,0.141
EMAX RS2306-2750KV Brushless Motor (Black),21.99,emax,2750.0,58.0,17.0,915.0,
FC 28-05 Brushless Outrunner 2840Kv,7.48,,2840.0,14.4,8.0,200.0,0.026
Turnigy AquaStar 3720-1500KV Water Cooled Brushless Outrunner Motor,27.52,aquastar,1500.0,60.0,15.0,890.0,0.22
Turnigy 1/8th Scale 4 Pole Brushless Motor - 1900KV,45.89,turnigy,1900.0,120.0,19.0,2200.0,0.292
Turnigy 4258 Brushless Motor 800kv,41.01,turnigy,800.0,60.0,26.0,1500.0,0.265
HobbyKing™ Bix3 Trainer 1550mm - Replacement Motor 2630 1400kv ,17.53,hobbyking,1400.0,,,,
TrackStar 380 Sensorless brushless Motor 3800KV,26.51,trackstar,3800.0,24.0,12.0,185.0,0.086
Turnigy Aerodrive SK3 3542-1250kv Brushless Outrunner Motor,39.92,sk3,1250.0,50.0,17.0,770.0,0.167
Turnigy Aerodrive SK3 3536-1200kv Brushless Outrunner Motor ,34.56,sk3,1200.0,40.0,16.0,506.0,0.105
Turnigy Aerodrive SK3 2822-1275kv Brushless Outrunner Motor,19.51,sk3,1275.0,8.0,12.0,92.0,0.03
Turnigy XK2860-2730KV Brushless Inrunner,25.51,turnigyxk,2730.0,45.0,27.0,1215.0,0.165
Turnigy 2610 EDF Outrunner 4500kv for 55/64mm,12.94,turnigy,4500.0,2.07,12.0,20.7,0.054
Turnigy Trackstar T28 1/5th Brushless Motor - 780KV,154.40,trackstar,780.0,193.0,38.0,7350.0,1.26
Turnigy SK8 6374-130KV Sensored Brushless Motor (14P),97.21,sk8,130.0,65.0,45.0,2800.0,0.94
Turnigy Aerodrive SK3 3542-1185kv Brushless Outrunner Motor ,35.77,sk3,1185.0,49.0,16.0,730.0,0.134
AX 2306N 2000KV Brushless Micro Motor,7.18,,2000.0,9.0,11.0,120.0,0.037
Turnigy TrackStar SCT 5.5T Sensored Brushless Motor 3750KV (550 size),50.61,trackstar,3750.0,112.0,11.0,810.0,0.236
Turnigy D2006-2400KV Brushless Motor (CW),6.32,turnigy,2400.0,18.0,15.0,240.0,0.025
Turnigy XK2850-3580KV Brushless Inrunner,24.10,turnigyxk,3580.0,80.0,17.0,1360.0,0.12
Turnigy Aerodrive SK3 3530-1460kv Brushless Outrunner Motor ,29.18,sk3,1460.0,33.0,12.0,430.0,0.071
Turnigy XK2430-5300KV Brushless Inrunner,17.87,turnigyxk,5300.0,14.0,13.0,182.0,0.052
Turnigy D2006-2400KV Brushless Motor (CCW),6.32,turnigy,2400.0,18.0,15.0,240.0,0.025
H-King J3 Navy Cub - Replacement Motor D3648-700KV w/Motor Shaft,22.30,h-king,700.0,,,,0.19
Turnigy XK2445-4700KV Brushless Inrunner,17.38,turnigyxk,4700.0,35.0,10.0,350.0,0.075
KEDA 27-28 1070Kv Brushless Outrunner 3S 105W,12.20,keda,1070.0,9.5,11.0,105.0,0.048
Turnigy XK2030-5800KV Brushless Inrunner,15.62,turnigyxk,5800.0,30.0,8.0,110.0,0.046
Avios Grand Tundra - SK3 5045-500KV Brushless Motor and X Mount,49.11,avios,500.0,60.0,26.0,1350.0,
Turnigy XK2430-9200KV Brushless Inrunner,17.87,turnigyxk,9200.0,24.0,8.0,180.0,0.052
Avios C-130 - Brushless Motor 2627-1000KV w/X Mount,14.20,avios,1000.0,14.0,14.8,270.0,0.013
HobbyKing X-Car 13.5 Turn Sensored Brushless Motor (2592Kv),5.92,hobbyking,2592.0,,,,0.171
DT38 620kv Turnigy Hotliner Brushless Inrunner Motor,71.48,,620.0,110.0,19.0,1750.0,0.365
Turnigy SK8 6354-200KV Sensored Brushless Motor (14P),80.71,sk8,200.0,55.0,45.0,2420.0,0.63
Turnigy SK8 6364-110KV Sensored Brushless Motor (14P),91.20,sk8,110.0,40.0,45.0,1750.0,0.785
Turnigy 480S BL Inrunner Motor w/ Impeller 1500kv,4.62,turnigy,1500.0,40.0,13.0,500.0,
Turnigy XK-3665 2100KV Brushless Inrunner,33.97,turnigyxk,2100.0,58.0,35.0,2030.0,0.275
Turnigy 540L V-Spec Inrunner w/ Impeller 810kv,1.18,turnigy,810.0,55.0,15.0,800.0,
KEDA 36-36 1000Kv Brushless Outrunner 3S 250W,17.38,keda,1000.0,21.4,12.0,250.0,0.115
Turnigy XK-3650 3900KV Brushless Inrunner,24.06,turnigyxk,3900.0,110.0,18.0,1980.0,0.2
Turnigy L2815H-2700 4s Brushless 450 Heli Motor (400w),13.74,turnigy,2700.0,35.0,15.0,400.0,0.066
Dr. Mad Thrust 70mm 11-Blade Alloy EDF 1900kv Motor - 1900watt (6S) (Counter Rotating),66.09,drmadthrust,1900.0,,,1900.0,0.23
Turnigy XK2845-2750KV Brushless Inrunner,24.10,turnigyxk,2750.0,32.0,23.0,736.0,0.12
KEDA 27-28 1130KV Brushless Outrunner 3S 85W,6.35,keda,1130.0,7.7,11.0,85.0,0.048
9225-90KV Turnigy Multistar Brushless Multi-Rotor Motor,168.71,multistar,90.0,36.0,45.0,1200.0,0.401
Turnigy SK8 6364-190KV Sensored Brushless Motor (14P),91.20,sk8,190.0,60.0,45.0,2600.0,0.78
KEDA 36-48 1030Kv Brushless Outrunner 4S 450W,23.02,keda,1030.0,28.0,15.0,450.0,0.153
KEDA 36-30M 1100Kv Brushless Outrunner 4S 405W,20.20,keda,1100.0,36.5,15.0,405.0,0.153
KEDA 36-30L 1000Kv Brushless Outrunner 4S 250W,20.20,keda,1000.0,20.5,15.0,250.0,0.078
Turnigy SK3 Fandrive - 3994-850kv (120mm EDF),114.95,sk3,850.0,90.0,43.0,3950.0,0.554
Turnigy XK3674-1400KV Brushless Inrunner,43.05,turnigyxk,1400.0,48.0,38.0,1824.0,0.3
Turnigy AquaStar 3650-3500KV Water Cooled Brushless Motor ,57.73,aquastar,3500.0,60.0,12.0,400.0,0.234
Turnigy 2627 Brushless Outrunner 1200kv,10.25,turnigy,1200.0,10.0,13.0,110.0,0.039
Turnigy Aerodrive SK3 - 5055-380KV Brushless Outrunner Motor,49.11,avios,380.0,65.0,37.0,1600.0,0.422
Turnigy SK8 6354-260KV Sensored Brushless Motor (14P),80.16,sk8,260.0,70.0,45.0,3000.0,0.63
KB 44-74 Brushless Inrunner 820KV,110.85,kb,820.0,50.0,22.0,1150.0,0.58
Turnigy SK8 6354-140KV Sensored Brushless Motor (14P),80.61,sk8,140.0,42.0,45.0,1850.0,0.63
Turnigy 380L V-Spec Inrunner w/ Impeller 2600kv,13.50,turnigy,2600.0,40.0,13.0,400.0,
Turnigy 250 Series 3600KV Brushless Outrunner Helicopter Motor,10.60,turnigy,3600.0,18.0,12.0,190.0,0.037
KEDA 43-72 1100Kv Brushless Heli Outrunner 6S 1500W,61.40,keda,1100.0,70.0,22.0,1500.0,0.34
Turnigy 480S BL Inrunner Motor w/ Impeller 3200kv,20.35,turnigy,3200.0,50.0,11.0,600.0,
Turnigy 480L V-Spec Inrunner w/ Impeller 1370kv,38.62,turnigy,1370.0,50.0,13.0,600.0,
Turnigy RotoMax 1.20 Brushless Outrunner Motor,114.05,rotomax,280.0,65.0,30.0,1924.0,0.622
Turnigy 4258 Brushless Motor 400kv,32.45,turnigy,400.0,55.0,26.0,1200.0,0.261
Durafly™ Auto-G Gyrocopter 821mm - Replacement Brushless Motor (KV800),20.52,durafly,800.0,0.0,0.0,0.0,
Dr. Mad Thrust 70mm 10-Blade Alloy EDF 3000KV Motor - 1200W (4S),55.27,drmadthrust,3000.0,83.0,,1200.0,0.256
Turnigy XK3650-3650KV Brushless Inrunner (Sensored),44.47,turnigyxk,3650.0,68.0,17.0,1156.0,0.16
Turnigy XK-3665 2300KV Sensorless Inrunner,33.97,turnigyxk,2300.0,72.0,28.0,2016.0,0.28
Turnigy L2210-1230 Bell Style Motor (150w),10.30,turnigy,1230.0,7.0,11.0,150.0,0.05
Dr. Mad Thrust 90mm 12-Blade Alloy EDF 1600KV Motor - 2100W (6S),86.21,drmadthrust,1600.0,105.0,,2100.0,0.44
Quanum Nova FPV GPS Waypoint QuadCopter - Brushless Motor (Counter-Clockwise),11.63,quanum,0.0,0.0,0.0,0.0,
B36-60-06L Brushless Inrunner 4000kv,33.73,,4000.0,100.0,11.0,1300.0,0.26
Phantom FPV Flying Wing V1 and V2 1550mm - Replacement 900kv Brushless Motor,18.16,,,,,,
Turnigy XK-3665 2680KV Brushless Inrunner,33.97,turnigyxk,2680.0,76.0,26.0,2028.0,0.275
Dr. Mad Thrust 70mm 10-Blade Alloy EDF 2300KV Motor - 1750W (6S),55.27,drmadthrust,2300.0,80.0,,1750.0,0.256
Super Kinetic - Replacement Brushless Motor (2630-KV1000),17.55,,1000.0,,,,
Turnigy Multistar 2834-800Kv 14 Pole Multi-Rotor Outrunner V2,40.68,multistar,800.0,45.0,15.0,660.0,0.198
BL 2030-16 Brushless Inrunner Motor 5800kv,13.74,,5750.0,1.2,8.0,9.6,0.049
B28-47-08S Brushless Inrunner 4900kv,11.34,,4900.0,55.0,11.0,700.0,0.14
KB 44-65 Brushless Inrunner 1520KV,51.14,kb,1520.0,51.0,23.0,1130.0,0.43
ACK-3508CP-580KV Brushless Outrunner Motor 3~4S (CW),24.39,,580.0,18.0,15.0,400.0,0.085
Turnigy XK3650-4450KV Brushless Inrunner (Sensored),44.47,turnigyxk,4450.0,34.0,11.0,374.0,0.16
Turnigy XK3650-3050KV Brushless Inrunner (Sensored),44.47,turnigyxk,3050.0,23.0,11.0,253.0,0.16
2860-3300KV 660w Brushless Inrunner Motor,37.12,,3300.0,60.0,11.0,660.0,
Turnigy XK3650-4850KV Brushless Inrunner (Sensored),44.47,turnigyxk,3500.0,28.0,8.0,235.0,0.16
90mm Self Balancing 36V 300W Intelligent Brushless Scooter Motor ,1.88,,,15.0,36.0,300.0,
Turnigy XK3650-10500KV Brushless Inrunner (Sensored),44.47,turnigyxk,10500.0,80.0,8.0,880.0,0.16
Turnigy XK3650-3200KV Brushless Inrunner (Sensored),44.47,turnigyxk,3200.0,68.0,17.0,1156.0,0.16
Durafly Bonanza - Replacement Motor 1300KV,19.23,durafly,1300.0,,,,
AX 2308N 1800kv Brushless Micro Motor,7.37,,1800.0,11.0,11.0,130.0,0.044
AX-4008M-620KV Brushless Outrunner Motor 4~5S (CCW),24.39,,620.0,32.0,19.0,590.0,0.08
Sidewinder 1100mm PNF - Replacement Brushless Outrunner Motor,21.95,durafly,,,,,
Durafly Brewster F2A Buffalo 920mm - D2217-1200KV Brushless Outrunner Motor,18.90,durafly,1200.0,,,,
70mm Self Balancing 36V 120W Intelligent Brushless Scooter Motor ,0.52,,,,36.0,120.0,
